"SNP","CHROM","POS","REF","ALT","Effect","SE","ChlorophyllB_Blup.FarmCPU"
"S1_50289805",1,50734283,"G","A",-1.34395722725182,0.185788877117451,5.53389236518561e-13
"S1_51170861",1,51602846,"C","T",-1.46747945564346,0.199786724435278,2.44458046990324e-13
"S1_51391141",1,51832687,"A","G",-1.09056114130617,0.170673985017764,1.83838137237568e-10
"S1_51391145",1,51832691,"G","A",-1.09056114130617,0.170673985017764,1.83838137237568e-10
"S1_53069023",1,53693478,"G","A",0.86990168192343,0.125360635549016,1.15391077608691e-23
"S1_106897584",1,109419480,"T","C",0.311481896978954,0.0974734268324139,2.37595766622852e-10
"S1_122145959",1,124084260,"G","A",-1.0024278446128,0.181066537001038,3.27447628875126e-08
"S1_195185930",1,197546442,"A","T",-0.632794584998982,0.122207894572281,1.59027022342957e-10
"S1_272220564",1,276989304,"G","A",0.357777354963348,0.0791497736761867,2.97335106524879e-08
"S1_298341838",1,303836843,"G","A",0.321402036693842,0.0825615263188726,9.22646767694697e-08
"S2_9982226",2,10169338,"G","T",-0.401378138860404,0.0773712427908405,2.95990396696078e-09
"S2_183920311",2,189442215,"A","G",-0.414052572030899,0.122055633245418,7.10892123647919e-18
"S2_185695099",2,191282447,"C","G",2.11970311659277,0.265722820528161,1.90506319024171e-15
"S2_185695101",2,191282449,"A","T",2.11970311659277,0.265722820528161,1.90506319024171e-15
"S2_185695105",2,191282453,"C","G",2.11970311659277,0.265722820528161,1.90506319024171e-15
"S2_185695106",2,191282454,"A","T",2.11970311659277,0.265722820528161,1.90506319024171e-15
"S2_185695109",2,191282457,"G","C",2.11970311659277,0.265722820528161,1.90506319024171e-15
"S2_185695112",2,191282460,"A","C",2.11970311659277,0.265722820528161,1.90506319024171e-15
"S2_185695113",2,191282461,"G","A",2.11970311659277,0.265722820528161,1.90506319024171e-15
"S2_185695119",2,191282467,"G","C",2.11970311659277,0.265722820528161,1.90506319024171e-15
"S2_187276467",2,192920279,"A","C",1.15583497071859,0.2006896694687,9.034923982939e-09
"S2_187276801",2,192920613,"C","T",1.04889487270194,0.190417086353801,3.83241734303919e-08
"S2_187450661",2,193100537,"G","T",1.40270395657502,0.208164578780681,1.81282558024346e-11
"S2_188057769",2,193723843,"G","A",1.01202763600225,0.169716464779306,2.6744228229648e-09
"S2_188785351",2,194444561,"G","A",1.00347980423339,0.172470564475439,6.37830199281524e-09
"S3_23638157",3,23098654,"A","T",-0.705300677612792,0.115601461846222,2.73260538661568e-17
"S3_43092389",3,42553280,"G","C",1.10603211396702,0.187004675648378,3.58815105920328e-09
"S3_125712671",3,126129430,"T","C",0.377442369641805,0.0967116937949374,2.43022827584668e-09
"S3_183117840",3,186052525,"C","G",0.938766233054803,0.130054531583658,2.98514064121365e-20
"S3_204583698",3,207877509,"G","A",-0.847272866688954,0.14461266927009,5.00738213627775e-09
"S3_205016922",3,208317361,"C","T",-0.794033897828982,0.148203336655079,8.86809834856429e-08
"S3_205024645",3,208325084,"T","G",-0.854002560659026,0.149108723074984,1.08952481590417e-08
"S3_208042889",3,211598024,"T","A",-0.797973523687617,0.14492311772533,3.88073910047674e-08
"S3_219190637",3,222855510,"C","T",1.11922517659086,0.1143511206687,6.24592027697466e-29
"S4_15197794",4,16321110,"T","A",-0.871701247101262,0.122018768204412,5.5432656406871e-41
"S4_16377297",4,17534244,"G","A",4.04238407042266,0.343941692184217,2.04935543015263e-31
"S4_16377372",4,17534319,"G","A",2.5028787341202,0.266006841620441,7.926638381677e-21
"S4_17334323",4,18473799,"G","C",1.74698029055165,0.216660961724246,9.55114151406957e-16
"S4_17337915",4,18477391,"G","C",1.02549170122639,0.193260132851772,1.17520542060569e-07
"S4_18117780",4,19297100,"C","G",1.18613104145712,0.194670623429413,1.20506324710132e-09
"S4_20406128",4,21651255,"G","A",1.06968994117824,0.196878117646899,5.83936004576696e-08
"S4_241238938",4,246780753,"G","C",0.424285961699937,0.0882399480681284,7.7096334565828e-08
"S5_3329421",5,3412556,"G","A",-0.677061531287393,0.127010452380021,1.02820503913765e-07
"S5_3981717",5,4090212,"C","G",0.258294577682765,0.0666394784812638,4.9493662626082e-11
"S5_8547055",5,8902068,"T","A",-0.953355600829983,0.126454213652409,6.18370083397862e-54
"S5_8789949",5,9158399,"C","G",6.30197098512656,0.447319444026735,4.2324347057104e-44
"S5_8790090",5,9158540,"C","G",3.36591827543538,0.38304502857767,2.17786256804226e-18
"S5_9622059",5,9977439,"T","C",1.95601633678825,0.274205088220808,1.14357760513122e-12
"S5_9622346",5,9977726,"G","A",2.63344897715191,0.29978025611398,2.22923304528997e-18
"S5_9652932",5,10010448,"G","A",1.75355670234794,0.263397400452667,3.13669319209707e-11
"S5_9660127",5,10017642,"G","A",2.48528656955204,0.311566990120365,1.91097860495232e-15
"S5_9910470",5,10263471,"G","A",3.18103388738129,0.310303262287479,2.22159079041711e-24
"S5_10215716",5,10543382,"A","G",1.34949169765214,0.232248921681483,6.67739530011761e-09
"S5_10215820",5,10543486,"A","G",1.2260427655503,0.224337974595776,4.88667774604668e-08
"S5_10544921",5,10877128,"C","A",1.35714414036403,0.218193305055734,5.44781470157471e-10
"S5_10544932",5,10877139,"G","A",1.35714414036403,0.218193305055734,5.44781470157471e-10
"S5_11364646",5,11702002,"C","T",1.71290593867877,0.232513170537548,2.082339105652e-13
"S5_74450610",5,76648613,"G","C",0.707716975228851,0.121792680069903,1.21750888208196e-23
"S5_130020208",5,133473206,"C","T",-1.84216332157825,0.224095179985724,2.65728967451905e-16
"S5_133334919",5,136651384,"T","G",-1.6193211221954,0.21094245723243,2.00912299479794e-14
"S5_137151523",5,140469774,"G","T",-1.53084498257651,0.209252432636132,3.03713648908712e-13
"S5_141020543",5,144387230,"G","A",-1.65137028964236,0.218518054323216,5.00541906862729e-14
"S5_141020570",5,144387257,"G","A",-1.65137028964236,0.218518054323216,5.00541906862729e-14
"S5_141020576",5,144387263,"A","C",-1.65137028964236,0.218518054323216,5.00541906862729e-14
"S5_141020581",5,144387268,"G","T",-1.65137028964236,0.218518054323216,5.00541906862729e-14
"S5_141168087",5,144540818,"G","T",-1.66764937527189,0.218653979373966,2.94228347427906e-14
"S5_141252102",5,144625272,"C","G",-1.45614114821512,0.202949081518263,8.48075816941301e-13
"S5_141454389",5,144830345,"A","G",-1.58459086335287,0.201038144371965,4.05137680914025e-15
"S5_141454404",5,144830360,"T","A",-1.69337479955796,0.209740962035829,8.77900265651362e-16
"S5_141579260",5,144950583,"C","T",-1.69337479955796,0.209740962035829,8.77900265651362e-16
"S5_141580479",5,144951802,"C","G",-1.51006918775569,0.205579393419706,2.4409615419397e-13
"S5_141580494",5,144951817,"T","A",-1.51006918775569,0.205579393419706,2.4409615419397e-13
"S5_141684525",5,145025025,"T","A",-1.67078774599982,0.211026573509881,3.06247572218907e-15
"S5_141684532",5,145025032,"A","G",-1.51035044621679,0.198294839285924,3.18084907048263e-14
"S5_141684632",5,145025132,"T","A",-1.73394145162537,0.218526946774126,2.6707822858872e-15
"S5_141882837",5,145184913,"G","A",-1.29127881191968,0.201834822759831,1.74584639278827e-10
"S5_141882861",5,145184937,"C","T",-1.29127881191968,0.201834822759831,1.74584639278827e-10
"S5_141882885",5,145184961,"G","A",-1.27971210300353,0.20413138526344,3.98944202066644e-10
"S5_141882898",5,145184974,"C","A",-1.27971210300353,0.20413138526344,3.98944202066644e-10
"S5_141882900",5,145184976,"A","G",-1.27971210300353,0.20413138526344,3.98944202066644e-10
"S5_142137081",5,145476110,"A","G",-1.26009382551094,0.198275640728196,2.29701103222637e-10
"S5_142224541",5,145557665,"G","T",-0.965406760147658,0.176422897575292,4.69987364273825e-08
"S5_142854214",5,146190209,"G","A",-1.14369216010867,0.201195249429042,1.39892296933837e-08
"S5_142854709",5,146190704,"G","A",-1.13323414781858,0.207354845931933,4.88576933651498e-08
"S5_159331118",5,163100547,"G","C",-0.930275542786475,0.153075909192716,1.32882205805998e-09
"S5_159331291",5,163100720,"C","G",-0.985431255771942,0.155103441626138,2.32503744210979e-10
"S5_160455347",5,164262572,"C","A",-0.821491112395279,0.146599945800516,2.23040832792754e-08
"S5_162376496",5,166235353,"T","C",-0.790739165010258,0.149522403127502,1.29498065063041e-07
"S5_177223298",5,181260638,"C","T",-0.675800436152144,0.119707450116269,1.75379090878394e-08
"S5_180407823",5,184891486,"T","C",-2.09293870686133,0.251666961132196,1.20451087028179e-16
"S5_180582999",5,185075321,"T","A",-1.88492512509345,0.240764385905054,6.15278255071226e-15
"S5_181388760",5,185976482,"C","T",-1.7081597484285,0.233070206040356,2.75650822877917e-13
"S5_183368501",5,188033546,"G","T",0.519031789218464,0.110046570376386,1.80073824948458e-21
"S5_184336500",5,188981604,"G","A",-1.0311214573554,0.174969162573036,4.07871165419517e-09
"S5_184347587",5,188992691,"C","A",-1.11221587261204,0.187016681289897,2.94517458279492e-09
"S5_187085748",5,192175777,"T","C",-1.21668290756672,0.194249807638845,4.13317849933149e-10
"S5_187110109",5,192184107,"A","G",-1.05898538642735,0.187381096352283,1.69337417908557e-08
"S5_187110168",5,192184166,"G","A",-1.13140505103186,0.186176058630234,1.33002638790117e-09
"S5_208086922",5,213835990,"A","G",-0.50304419301591,0.0901870313654273,2.58549397463664e-08
"S5_208095933",5,213845001,"T","C",-0.904242121311022,0.12453345030541,4.53667617268215e-13
"S5_208175942",5,213925009,"A","G",-0.525251788937268,0.0967830324204385,6.0428014348283e-08
"S5_208350013",5,214128075,"A","T",-0.546930562082487,0.0960732128737418,1.33256340569637e-08
"S5_208368937",5,214146999,"T","A",-0.443674157010115,0.0819984401842625,6.61702279875216e-08
"S5_208932180",5,214727422,"C","A",-0.77258462417138,0.13467308041845,1.03144909261157e-08
"S5_208997620",5,214792544,"C","T",-0.795673378356099,0.129409184387665,8.53209840732791e-10
"S5_209323809",5,215164774,"T","C",-0.876461280119415,0.135605342962014,1.13837679789483e-10
"S5_209726144",5,215546908,"A","T",-0.889475677041126,0.135330025694942,5.53304100033995e-11
"S5_209726172",5,215546936,"C","T",-0.889475677041126,0.135330025694942,5.53304100033995e-11
"S5_209896776",5,215716445,"A","C",-0.444948489346935,0.0832809358595834,9.6287588067092e-08
"S5_210415893",5,216255032,"G","C",-1.02325865997811,0.136541533161785,8.05721404618789e-14
"S5_210598243",5,216311690,"C","T",-1.09298822921151,0.134346214011402,5.31451695993085e-16
"S5_210741039",5,216598351,"G","A",-0.957273275508285,0.13445058022264,1.26007772784579e-12
"S5_210741040",5,216598352,"T","G",-0.936284808772342,0.132077890201831,1.57310282790796e-12
"S5_210741043",5,216598355,"A","T",-0.987105882419122,0.134881621056658,2.98108949311228e-13
"S5_210743094",5,216600631,"T","A",-1.06077286659419,0.136211195887833,8.49309526935581e-15
"S5_210747489",5,216604767,"G","T",-1.01382790487753,0.135811985014489,1.00318394054021e-13
"S5_210758914",5,216616191,"C","T",-0.469444364371974,0.081954690535677,1.08498011942841e-08
"S5_211039246",5,216863404,"T","C",-0.445745887257662,0.0827427253269896,7.54183968518484e-08
"S5_211749685",5,217572670,"T","G",-1.08299250412053,0.147915251817522,2.90748371116703e-13
"S5_211749688",5,217572673,"A","T",-1.08299250412053,0.147915251817522,2.90748371116703e-13
"S5_212205507",5,218053411,"T","C",-1.09246082171358,0.14944822819172,3.16992290300712e-13
"S5_212205713",5,218053617,"C","T",-1.28767238885094,0.157502271398891,3.83715763463395e-16
"S5_212205714",5,218053618,"G","T",-1.28767238885094,0.157502271398891,3.83715763463395e-16
"S5_212359750",5,218223061,"A","G",-1.06561215120649,0.149978926617543,1.40111635967143e-12
"S5_212359811",5,218223122,"C","A",-0.490194203013139,0.0886470311328802,3.39744038192251e-08
"S5_212652320",5,218490547,"G","A",-1.20369324332589,0.154293396286492,7.63620373953049e-15
"S5_212652323",5,218490550,"C","A",-1.20369324332589,0.154293396286492,7.63620373953049e-15
"S5_212653069",5,218491296,"C","A",-1.2318211572519,0.155110176550525,2.52816809689194e-15
"S5_212653071",5,218491298,"A","G",-1.18444251105529,0.150641182808453,4.71950683068937e-15
"S5_212874801",5,218719293,"G","A",-1.33909785609625,0.177910926687739,6.29806729138751e-14
"S5_213171849",5,219005904,"T","C",-1.1125362889486,0.171620533836752,1.00364074989114e-10
"S5_213634740",5,219514188,"G","C",-1.57133725692621,0.191879596248138,3.43334839691392e-16
"S5_213845844",5,219715078,"C","T",-0.618172570711643,0.0975153502659836,2.54669621244066e-10
"S5_214122789",5,219994384,"G","A",-1.63121204022045,0.184688910542805,1.46886301962905e-18
"S5_214163522",5,220035096,"A","G",-1.89351908092382,0.199994307339371,4.57520795053181e-21
"S5_214173626",5,220045280,"T","C",-1.87915322667686,0.20093992539085,1.34965549142639e-20
"S5_214410194",5,220282485,"T","A",-2.4331189789538,0.233586730070621,4.14568135650166e-25
"S5_214410201",5,220282492,"G","A",-2.4331189789538,0.233586730070621,4.14568135650166e-25
"S5_214527461",5,220399746,"G","C",-2.75070043505539,0.247237083805374,2.28545128985444e-28
"S5_214536740",5,220409023,"G","T",-2.64890873780794,0.247598954883965,2.21820099924188e-26
"S5_214904841",5,220783937,"C","G",-2.55477260526121,0.246152504728042,6.08651552667482e-25
"S5_214957447",5,220836541,"T","C",-2.63358649691975,0.259972821366782,7.50026582492495e-24
"S5_214957448",5,220836542,"G","T",-3.03755721095504,0.279618699118828,3.87463209402171e-27
"S5_214957450",5,220836544,"C","A",-3.23987392691944,0.284959767851066,1.55951611098789e-29
"S5_215260814",5,221116957,"A","G",-4.70309739528568,0.337093904411559,2.65982328898805e-43
"S5_215320986",5,221177129,"G","C",-3.24299857305849,0.308923583075567,1.79420311724419e-25
"S5_215370758",5,221226901,"C","T",-3.41130596138564,0.305958693152296,1.76268006359279e-28
"S5_215372598",5,221228741,"C","T",-7.06935000188167,0.452274635937104,1.31238523727282e-53
"S5_215472581",5,221329379,"T","C",0.722131682079493,0.115519882172724,4.76267172555959e-61
"S5_215783180",5,221645682,"A","G",-5.37631123422693,0.426283370500807,7.7566660472928e-36
"S5_215783190",5,221645692,"G","C",-6.00224855373068,0.445804345293721,1.67169414122335e-40
"S5_215783912",5,221646414,"G","A",-4.12826943038749,0.339524699873504,1.81130178656056e-33
"S5_215924373",5,221802807,"C","A",-3.20667218198344,0.323656281829703,6.77254414991905e-23
"S5_215923425",5,221803755,"C","A",-3.9511672658837,0.341878347175922,1.9041545360203e-30
"S5_216089563",5,221979086,"T","G",-1.99886850149991,0.285615123152436,2.98875353855821e-12
"S5_216089572",5,221979095,"A","T",-1.99886850149991,0.285615123152436,2.98875353855821e-12
"S5_216100555",5,221990074,"C","A",-1.98801592840627,0.271702115703855,3.01234284736089e-13
"S5_216492474",5,222421126,"C","T",-1.84713831890537,0.26562438162461,4.08790391138096e-12
"S5_217486674",5,223448787,"C","T",-1.41632374412282,0.2524369369402,2.14291775499486e-08
"S7_1955786",7,2085997,"G","A",0.805418316102381,0.12638680469829,1.25633491747367e-16
"S7_5037197",7,5299797,"G","T",-1.17361429465086,0.134273968660857,7.02488214330803e-26
"S7_146119759",7,151060909,"C","G",0.864957743878962,0.118942409659115,1.94559236946678e-21
"S8_1831348",8,1976724,"C","T",0.495853635830527,0.115948966859201,5.02193505875069e-09
"S8_14836576",8,15272724,"C","A",0.778695657257963,0.142531216111132,4.93685947354007e-08
"S8_15988395",8,16429630,"C","T",0.861086276313173,0.147554350048158,5.74981394226228e-09
"S8_17244111",8,17797269,"G","A",0.866483526672575,0.164282345318956,1.39772666895908e-07
"S8_17305923",8,17875614,"C","G",0.910090925636524,0.16615188056259,4.56104796593256e-08
"S8_17890261",8,18474100,"C","T",0.987979837869148,0.166637613012656,3.2885997443173e-09
"S8_17981953",8,18583710,"C","G",0.899845173036269,0.167955063249129,8.87193022509205e-08
"S8_18349363",8,18982686,"G","T",0.973612568114788,0.169996480582582,1.09035535297486e-08
"S8_18894973",8,19582822,"T","C",0.897106937594792,0.155678904340762,8.86485532499784e-09
"S8_18966532",8,19654339,"C","T",1.05760269376437,0.178135564155386,3.13046980820011e-09
"S8_19675190",8,20368315,"G","A",1.04703724048656,0.175316823121041,2.52888496532405e-09
"S8_19675203",8,20368328,"C","T",1.04703724048656,0.175316823121041,2.52888496532405e-09
"S8_19804415",8,20498766,"C","A",1.14091969958363,0.175836508184783,9.64919199654897e-11
"S8_24643062",8,25433077,"G","A",1.01350062548464,0.189343800974452,9.11671632316987e-08
"S8_24701495",8,25491712,"C","T",0.942287703122659,0.178505499688942,1.36476034187366e-07
"S8_37661237",8,38689668,"T","A",0.960205273047464,0.179831598034227,9.80298783519492e-08
"S8_73851914",8,75122520,"C","G",1.23284102834602,0.173751664007351,1.50133182175089e-12
"S8_74986560",8,76402558,"C","A",1.20961505030981,0.206144707891835,4.74841322206498e-09
"S8_87027753",8,88813916,"G","A",1.28020797755597,0.225638992400798,1.48929025522917e-08
"S8_98853020",8,100817033,"C","A",3.03274140416167,0.285786138676865,5.48482578665598e-26
"S8_99589535",8,101645989,"G","A",0.238031277371344,0.0441229850889506,1.61989606670849e-09
"S8_101828605",8,103828585,"G","T",3.27235109797965,0.31173785852376,1.80559072521285e-25
"S8_101828517",8,103828673,"G","A",5.11545004872005,0.363562252391308,5.39520667796415e-44
"S8_101822945",8,103834245,"G","A",-0.410675117140317,0.12391679451579,6.20172079530412e-46
"S8_103370023",8,105575229,"T","C",1.25809023849507,0.199556403938689,3.18347324656049e-10
"S8_103593025",8,105775681,"C","G",1.43509330083133,0.218369626416233,5.56208025424736e-11
"S8_103592966",8,105775740,"A","C",1.46231624573826,0.233047679458314,3.84751510625663e-10
"S8_103902071",8,106107389,"A","G",1.59599088245831,0.224582259764604,1.38707067306526e-12
"S8_104118970",8,106358421,"C","T",1.88917725393063,0.240378584519065,4.85131057814749e-15
"S8_104171820",8,106411259,"G","T",1.79575136681727,0.232131060274498,1.27037563765966e-14
"S8_104222906",8,106506711,"G","A",1.79687473755331,0.240936191327642,1.05761376177923e-13
"S8_104619408",8,106926857,"G","A",1.68426651801718,0.227719275779322,1.67528174132478e-13
"S8_111762533",8,114465971,"C","T",2.01555812019289,0.205942930089516,2.19049036308781e-22
"S8_111762537",8,114465975,"T","G",2.01555812019289,0.205942930089516,2.19049036308781e-22
"S8_113297701",8,116053267,"T","C",0.571499304332228,0.0982568184398523,6.44999975298896e-09
"S8_113297669",8,116053299,"C","T",0.592412218496079,0.100387990263069,3.88574591014903e-09
"S8_113290874",8,116060093,"G","C",0.566622775720028,0.0991489625964906,1.17218975844551e-08
"S8_113290696",8,116060271,"C","T",0.577873168866432,0.101212124237014,1.20926695950692e-08
"S8_113504730",8,116261474,"G","T",0.570971467025011,0.099301648695966,9.55037806555506e-09
"S8_113842551",8,116622857,"G","T",0.564097919705645,0.0955060198230725,3.76638589495237e-09
"S8_171984543",8,177270769,"A","T",-0.633147595346326,0.115192476596445,6.77941018129075e-14
"S9_1000009",9,670937,"T","A",0.332913555816458,0.081292347752946,5.82540151061746e-08
"S9_116961911",9,118716422,"C","A",0.169135905265499,0.0548905436233687,3.82603385262308e-08
"S10_85644084",10,85623777,"G","C",0.474932650068413,0.0953907561040143,1.23705282304616e-12
"S10_121751150",10,122854773,"C","G",-0.369751999881978,0.0676115152518696,8.89242457264717e-11
