"SNP","CHROM","POS","REF","ALT","Effect","SE","Nitrate_Blup.FarmCPU"
"S1_19492913",1,19763716,"G","A",0.00217190600398181,0.000362428416045627,4.65029106190677e-11
"S2_143449863",2,147949427,"C","A",-0.00478085951305854,0.00085886061347223,2.75810589618409e-08
"S2_145059247",2,149626379,"C","T",-0.00662496818838365,0.000894207500641355,1.5279844342523e-13
"S2_148899026",2,153480042,"T","C",-0.00886730255672169,0.00107165342408255,1.70676495191934e-16
"S2_149785880",2,154380479,"G","T",-0.00789627181677771,0.000989028777910863,1.80783561675443e-15
"S2_150142422",2,154741989,"T","C",-0.00798549913163771,0.000999471334107137,1.7251722729515e-15
"S2_150754728",2,155350002,"G","T",-0.00944838211414567,0.00107500221129683,2.14634764918426e-18
"S2_151234340",2,155898640,"G","C",-0.0109588667152862,0.00114932930329495,2.43983398265087e-21
"S2_151234390",2,155898690,"A","G",-0.0102757000777735,0.00111374217270931,4.29950012870047e-20
"S2_151568871",2,156270060,"C","A",-0.0111444278253188,0.00117001103222066,2.67985572652179e-21
"S2_154920800",2,159585982,"G","A",-0.01528246991818,0.00144268783425578,6.70642389877516e-26
"S2_155075658",2,159743542,"C","T",-0.0180014063760313,0.00156387113622847,3.23302817366766e-30
"S2_155206032",2,159872758,"G","A",-0.0164521345504844,0.00147168106839793,1.28244287724558e-28
"S2_155432594",2,160110990,"A","G",-0.014171122690342,0.00148383005479233,2.11043534730344e-21
"S2_155436227",2,160114623,"A","G",-0.0167565690407475,0.00159440519454667,1.59390814622109e-25
"S2_155537390",2,160214697,"G","A",-0.0158001731723473,0.00155414268318235,5.2381799662132e-24
"S2_155787129",2,160460993,"C","T",-0.0200168552859588,0.00163355158389082,5.93439741108217e-34
"S2_155852584",2,160528592,"T","C",0.00177847720022895,0.000486721791552048,1.09717535332983e-38
"S2_155874298",2,160550302,"A","C",-0.0104829545586336,0.00116668881805638,3.79831391514067e-19
"S2_155892438",2,160568439,"T","C",-0.012104058310595,0.00133104242442704,1.43495866054835e-19
"S2_155892871",2,160568872,"T","C",-0.0205362331670886,0.00162956735147855,8.82006047695712e-36
"S2_156956812",2,161589967,"G","A",-0.0149335229042984,0.00144209489855941,7.75820640822613e-25
"S2_174602991",2,179450719,"C","G",-0.00437337457667494,0.000815029005737604,8.48058344638929e-08
"S2_175707880",2,180917835,"A","G",-0.00442255478084462,0.00077449694259053,1.20479078587753e-08
"S2_187125168",2,192761994,"C","G",0.000674025466105297,0.000155877942638009,6.6230893135019e-08
"S2_224741007",2,231792306,"G","A",0.00147519198722821,0.000359250545148166,9.4539029282469e-08
"S3_4352810",3,3626993,"G","A",-0.00475793417382957,0.000767806655658572,6.30661040441971e-10
"S3_4661041",3,3930099,"T","C",-0.00287928094752903,0.000467728313143156,8.15190529096784e-10
"S3_4667338",3,3936395,"G","A",-0.00670810523021137,0.000926578870062095,5.30796225050707e-13
"S3_5569321",3,4734975,"T","A",-0.0116411407764483,0.00128123711527942,1.53970433836313e-19
"S3_5581112",3,4746766,"T","C",0.00278047055117432,0.000510395663290884,1.22995839217388e-33
"S3_5581198",3,4746852,"G","C",-0.0163184535992607,0.00148704622180646,1.19195312953604e-27
"S3_214485884",3,218247385,"G","A",-0.000644049822485553,0.00013236270703052,2.223986208654e-09
"S4_125504011",4,128474209,"C","T",-0.00200601861126475,0.000378275716648873,4.40801667472703e-09
"S5_128533458",5,131921805,"A","G",-0.0110157083334493,0.00114925918974649,1.51973782542888e-21
"S5_129095212",5,132496776,"G","A",0.000576869539821476,0.000368552288738956,1.38665901602645e-21
"S5_209896895",5,215716564,"T","C",0.000733619620210404,0.000131369314489441,1.9025890135701e-09
"S7_923728",7,909160,"G","C",0.00279483468847944,0.00050980196458753,3.56623346590972e-64
"S7_923714",7,909174,"G","C",-0.0337951234401377,0.00207144727016694,4.27891443072177e-58
"S7_122346648",7,126253508,"T","G",0.00089737966406683,0.000251664152626894,3.91773507680766e-08
"S7_147709857",7,152928133,"C","T",-0.00691110102317782,0.000993584551605847,4.04071457079786e-12
"S7_147715905",7,152934182,"A","G",0.00175534009575891,0.000312319972511891,6.45174143297234e-17
"S7_147715984",7,152934261,"G","T",-0.00572897471970846,0.000958150961902776,2.42546110909597e-09
"S7_147835209",7,153081562,"A","T",-0.00777067140943344,0.00110961146387786,2.89606058950509e-12
"S8_71974968",8,73134217,"C","G",0.00212243930558164,0.000440314168664276,9.71993814734371e-09
"S8_166385489",8,171623579,"C","G",-0.000721174313362519,0.000165121795925816,4.00042318790314e-08
"S9_134299408",9,136752536,"A","G",-0.0019653290232024,0.000356599455220895,2.55679302269814e-09
"S10_144306808",10,145001946,"T","C",0.00113360095581036,0.00022692902691846,3.4852152827993e-09
